steps,return
0,1982.5645166666666
3,2073.6610166666665
6,2091.3717166666665
9,2085.986766666667
12,2098.036749999999
15,2116.4234666666666
18,2151.927383333333
21,2122.475416666666
24,2117.658483333334
27,2124.4412499999994
30,2119.9651333333327
33,2132.6686000000013
36,2141.6600166666663
39,2141.9982000000005
42,2150.413
