steps,return
0,755.6030166666665
3,851.68035
6,847.8181833333333
9,801.1387666666669
12,788.4343500000003
